{"minM1": [0.09750327272727272, {"percs": [0.7, 0.0, 0.3, 0.0, 0.0], "names": ["КамчатЭ ао", "FIVE-гдр", "УралСиб ао", "ЦМТ ао", "ФСК ЕЭС ао"], "m1": 0.09750327272727272, "m2": 0.13954345454545453, "dohod": -0.1562906522951123}], "minM2": [0.13954345454545453, {"percs": [0.7, 0.0, 0.3, 0.0, 0.0], "names": ["КамчатЭ ао", "FIVE-гдр", "УралСиб ао", "ЦМТ ао", "ФСК ЕЭС ао"], "m1": 0.09750327272727272, "m2": 0.13954345454545453, "dohod": -0.1562906522951123}], "maxM1": [760.315, {"percs": [0.0, 0.0, 0.0, 0.9, 0.1], "names": ["МосЭнерго", "YNDX clA", "ВыбСудЗ ао", "ИНГРАД ао", "Транснф ап"], "m1": 760.315, "m2": 892.03, "dohod": 0.06313430868591023}], "maxM2": [892.03, {"percs": [0.0, 0.0, 0.0, 0.9, 0.1], "names": ["МосЭнерго", "YNDX clA", "ВыбСудЗ ао", "ИНГРАД ао", "Транснф ап"], "m1": 760.315, "m2": 892.03, "dohod": 0.06313430868591023}]}