{"minM1": [0.3380636, {"percs": [0.9, 0.0, 0.0, 0.1], "names": ["ФСК ЕЭС ао", "ЦМТ ао", "Якутскэнрг", "ЮУНК ао"], "m1": 0.3380636, "m2": 0.45888510000000005, "dohod": -0.04997002038613747}], "minM2": [0.45888510000000005, {"percs": [0.9, 0.0, 0.0, 0.1], "names": ["ФСК ЕЭС ао", "ЦМТ ао", "Якутскэнрг", "ЮУНК ао"], "m1": 0.3380636, "m2": 0.45888510000000005, "dohod": -0.04997002038613747}], "maxM1": [540.686, {"percs": [0.4, 0.1, 0.0, 0.5], "names": ["Ижсталь ап", "МегаФон ао", "ЦМТ ао", "Белуга АО"], "m1": 540.686, "m2": 584.0360000000001, "dohod": -0.2560231288146482}], "maxM2": [883.1545454545452, {"percs": [0.1, 0.7, 0.0, 0.2], "names": ["Будущее", "iQIWI", "ФСК ЕЭС ао", "ЮжКузб. ао"], "m1": 126.74909090909091, "m2": 883.1545454545452, "dohod": -0.0011383903160930159}]}