{"minM1": [254.68000000000004, {"percs": [0, 100, 0, 0, 0, 0], "m1": 254.68000000000004, "m2": 289.54, "dohod": -0.029479326186829972}], "minM2": [289.54, {"percs": [0, 100, 0, 0, 0, 0], "m1": 254.68000000000004, "m2": 289.54, "dohod": -0.029479326186829972}], "maxM1": [81400.0, {"percs": [0, 0, 0, 100, 0, 0], "m1": 81400.0, "m2": 98300.0, "dohod": 0.11650485436893204}], "maxM2": [98300.0, {"percs": [0, 0, 0, 100, 0, 0], "m1": 81400.0, "m2": 98300.0, "dohod": 0.11650485436893204}]}