{"minM1": [13.768571428571429, {"percs": [0, 0, 0, 0, 100], "m1": 13.768571428571429, "m2": 22.25714285714286, "dohod": -0.16226415094339622}], "minM2": [22.25714285714286, {"percs": [0, 0, 0, 0, 100], "m1": 13.768571428571429, "m2": 22.25714285714286, "dohod": -0.16226415094339622}], "maxM1": [45728.28571428571, {"percs": [0, 0, 0, 100, 0], "m1": 45728.28571428571, "m2": 58606.0, "dohod": 0.020683171419617785}], "maxM2": [58606.0, {"percs": [0, 0, 0, 100, 0], "m1": 45728.28571428571, "m2": 58606.0, "dohod": 0.020683171419617785}]}