{"minM1": [190.38181818181818, {"percs": [0.0, 1.0, 0.0], "m1": 190.38181818181818, "m2": 517.0909090909091, "dohod": 0.6110484780157835}], "minM2": [517.0909090909091, {"percs": [0.0, 1.0, 0.0], "m1": 190.38181818181818, "m2": 517.0909090909091, "dohod": 0.6110484780157835}], "maxM1": [543.7714545454546, {"percs": [0.7, 0.0, 0.3], "m1": 543.7714545454546, "m2": 681.5032727272728, "dohod": -0.043608312342569344}], "maxM2": [707.8909090909092, {"percs": [0.0, 0.0, 1.0], "m1": 397.41818181818184, "m2": 707.8909090909092, "dohod": -0.225}]}