{"minM1": [0.06813466666666666, {"percs": [0.0, 0.2, 0.6, 0.0, 0.2], "names": ["iQIWI", "ЧелябЭС ао", "УралСиб ао", "КалужскСК", "GTL ao"], "m1": 0.06813466666666666, "m2": 0.122424, "dohod": -0.16287114442202352}], "minM2": [0.122424, {"percs": [0.0, 0.2, 0.6, 0.0, 0.2], "names": ["iQIWI", "ЧелябЭС ао", "УралСиб ао", "КалужскСК", "GTL ao"], "m1": 0.06813466666666666, "m2": 0.122424, "dohod": -0.16287114442202352}], "maxM1": [818.2872727272727, {"percs": [0.1, 0.0, 0.9, 0.0, 0.0], "names": ["Полиметаллл", "КамчатЭ ао", "ИНГРАД ао", "ЭнелРос ао", "Якутскэнрг"], "m1": 818.2872727272727, "m2": 937.2740000000001, "dohod": 0.10337340529931316}], "maxM2": [962.0, {"percs": [0.0, 0.0, 0.0, 1.0, 0.0], "names": ["GTL ao", "iQIWI", "ГАЗ ao", "ИНГРАД ао", "ФосАгро ао"], "m1": 802.3, "m2": 962.0, "dohod": 0.0825242718446602}]}