{"minM1": [28.418140769230774, {"percs": [0.1, 0.9], "names": ["ENPL-гдр", "МосЭнерго"], "m1": 28.418140769230774, "m2": 81.24236769230771, "dohod": -0.26572609325078755}], "minM2": [81.24236769230771, {"percs": [0.1, 0.9], "names": ["ENPL-гдр", "МосЭнерго"], "m1": 28.418140769230774, "m2": 81.24236769230771, "dohod": -0.26572609325078755}], "maxM1": [589.551076923077, {"percs": [0.2, 0.8], "names": ["ENPL-гдр", "AGRO-гдр"], "m1": 589.551076923077, "m2": 675.7064615384616, "dohod": 0.019284054969352746}], "maxM2": [707.8909090909092, {"percs": [1.0, 0.0], "names": ["Белуга АО", "Полиметаллл"], "m1": 397.41818181818184, "m2": 707.8909090909092, "dohod": -0.225}]}